{
	"info": {
		"_postman_id": "d3ca16ba-cac1-4477-ae9e-a2e540a08120",
		"name": "tffs",
		"schema": "https://schema.getpostman.com/json/collection/v2.1.0/collection.json",
		"_exporter_id": "32936161"
	},
	"item": [
		{
			"name": "Class Subject Structure",
			"item": [
				{
					"name": "SubwiseStructure",
					"request": {
						"method": "POST",
						"header": [],
						"body": {
							"mode": "raw",
							"raw": "{\r\n    \"code\" : 2023\r\n    // \"page\" : 28,\r\n    // \"pageSize\" : 10\r\n}",
							"options": {
								"raw": {
									"language": "json"
								}
							}
						},
						"url": {
							"raw": "localhost:4000/tffs/SS?page=1&limit=10",
							"host": [
								"localhost"
							],
							"port": "4000",
							"path": [
								"tffs",
								"SS"
							],
							"query": [
								{
									"key": "page",
									"value": "1"
								},
								{
									"key": "limit",
									"value": "10"
								}
							]
						}
					},
					"response": []
				},
				{
					"name": "SearchSubwiseStructure",
					"request": {
						"method": "POST",
						"header": [],
						"body": {
							"mode": "raw",
							"raw": "{\r\n    \"year\" : \"\",\r\n    \"std\" : \"\"\r\n    // \"page\" : 1,\r\n    // \"pageSize\" : 10\r\n}",
							"options": {
								"raw": {
									"language": "json"
								}
							}
						},
						"url": {
							"raw": "localhost:4000/tffs/SSS?page=1&limit=10",
							"host": [
								"localhost"
							],
							"port": "4000",
							"path": [
								"tffs",
								"SSS"
							],
							"query": [
								{
									"key": "page",
									"value": "1"
								},
								{
									"key": "limit",
									"value": "10"
								}
							]
						}
					},
					"response": []
				},
				{
					"name": "SubMarks",
					"request": {
						"method": "POST",
						"header": [],
						"body": {
							"mode": "raw",
							"raw": "",
							"options": {
								"raw": {
									"language": "json"
								}
							}
						},
						"url": {
							"raw": "localhost:4000/tffs/SubMarks",
							"host": [
								"localhost"
							],
							"port": "4000",
							"path": [
								"tffs",
								"SubMarks"
							]
						}
					},
					"response": []
				},
				{
					"name": "ViewSubjectStructure",
					"request": {
						"method": "POST",
						"header": [],
						"body": {
							"mode": "raw",
							"raw": "{\r\n    \"name\" : \"Class-III\"\r\n}",
							"options": {
								"raw": {
									"language": "json"
								}
							}
						},
						"url": {
							"raw": "localhost:4000/tffs/ViewSS",
							"host": [
								"localhost"
							],
							"port": "4000",
							"path": [
								"tffs",
								"ViewSS"
							]
						}
					},
					"response": []
				},
				{
					"name": "EditSubjectStructure",
					"request": {
						"method": "POST",
						"header": [],
						"body": {
							"mode": "raw",
							"raw": "{\r\n    \"id\" : \"\",\r\n    \"name\" : \"\",\r\n    \"t_rel_subject_id\" : \"\"\r\n}",
							"options": {
								"raw": {
									"language": "json"
								}
							}
						},
						"url": {
							"raw": "localhost:4000/tffs/EditSS",
							"host": [
								"localhost"
							],
							"port": "4000",
							"path": [
								"tffs",
								"EditSS"
							]
						}
					},
					"response": []
				}
			]
		},
		{
			"name": "Section",
			"item": [
				{
					"name": "AllSection",
					"request": {
						"method": "POST",
						"header": [],
						"url": {
							"raw": "localhost:4000/tffs/AllSection?page=1&limit=10",
							"host": [
								"localhost"
							],
							"port": "4000",
							"path": [
								"tffs",
								"AllSection"
							],
							"query": [
								{
									"key": "page",
									"value": "1"
								},
								{
									"key": "limit",
									"value": "10"
								}
							]
						}
					},
					"response": []
				},
				{
					"name": "EditSection",
					"request": {
						"method": "POST",
						"header": [],
						"body": {
							"mode": "raw",
							"raw": "{\r\n    \"id\" : 4,\r\n    \"code\" : \"\",\r\n    \"name\" : \"\"\r\n}",
							"options": {
								"raw": {
									"language": "json"
								}
							}
						},
						"url": {
							"raw": "localhost:4000/tffs/EditSection",
							"host": [
								"localhost"
							],
							"port": "4000",
							"path": [
								"tffs",
								"EditSection"
							]
						}
					},
					"response": []
				},
				{
					"name": "CreateNewSection",
					"request": {
						"method": "POST",
						"header": [],
						"body": {
							"mode": "raw",
							"raw": "{\r\n    \"code\" : \"\",\r\n    \"name\" : \"\"\r\n}",
							"options": {
								"raw": {
									"language": "json"
								}
							}
						},
						"url": {
							"raw": "localhost:4000/tffs/CreateNewSection",
							"host": [
								"localhost"
							],
							"port": "4000",
							"path": [
								"tffs",
								"CreateNewSection"
							]
						}
					},
					"response": []
				},
				{
					"name": "SearchSection",
					"request": {
						"method": "POST",
						"header": [],
						"body": {
							"mode": "raw",
							"raw": "{\r\n    \"code\" : \"\",\r\n    \"name\" : \"\"\r\n    // \"page\" : 1,\r\n    // \"pageSize\" : 10\r\n}",
							"options": {
								"raw": {
									"language": "json"
								}
							}
						},
						"url": {
							"raw": "localhost:4000/tffs/SearchSection?page=1&limit=10",
							"host": [
								"localhost"
							],
							"port": "4000",
							"path": [
								"tffs",
								"SearchSection"
							],
							"query": [
								{
									"key": "page",
									"value": "1"
								},
								{
									"key": "limit",
									"value": "10"
								}
							]
						}
					},
					"response": []
				},
				{
					"name": "DeleteSection",
					"request": {
						"method": "POST",
						"header": [],
						"body": {
							"mode": "raw",
							"raw": "{\r\n    \"id\" : 7\r\n}",
							"options": {
								"raw": {
									"language": "json"
								}
							}
						},
						"url": {
							"raw": "localhost:4000/tffs/DeleteSection",
							"host": [
								"localhost"
							],
							"port": "4000",
							"path": [
								"tffs",
								"DeleteSection"
							]
						}
					},
					"response": []
				}
			]
		},
		{
			"name": "Grade",
			"item": [
				{
					"name": "AllGrades",
					"request": {
						"method": "POST",
						"header": [],
						"url": {
							"raw": "localhost:4000/tffs/AllGrades?page=1&limit=10",
							"host": [
								"localhost"
							],
							"port": "4000",
							"path": [
								"tffs",
								"AllGrades"
							],
							"query": [
								{
									"key": "page",
									"value": "1"
								},
								{
									"key": "limit",
									"value": "10"
								}
							]
						}
					},
					"response": []
				},
				{
					"name": "SearchGrades",
					"request": {
						"method": "POST",
						"header": [],
						"body": {
							"mode": "raw",
							"raw": "{\r\n    \"year\" : \"\",\r\n    \"std\" : \"\",\r\n    \"ec\" : \"Non-Academic\",\r\n    \"status\" : \"\",\r\n    \"title\" : \"\"\r\n    // \"page\" : 1,\r\n    // \"pageSize\" : 10\r\n}",
							"options": {
								"raw": {
									"language": "json"
								}
							}
						},
						"url": {
							"raw": "localhost:4000/tffs/SG?page=1&limit=10",
							"host": [
								"localhost"
							],
							"port": "4000",
							"path": [
								"tffs",
								"SG"
							],
							"query": [
								{
									"key": "page",
									"value": "1"
								},
								{
									"key": "limit",
									"value": "10"
								}
							]
						}
					},
					"response": []
				},
				{
					"name": "ChangeStatus",
					"request": {
						"method": "POST",
						"header": [],
						"body": {
							"mode": "raw",
							"raw": "{\r\n    \"id\" : \"\"\r\n}",
							"options": {
								"raw": {
									"language": "json"
								}
							}
						},
						"url": {
							"raw": "localhost:4000/tffs/CS",
							"host": [
								"localhost"
							],
							"port": "4000",
							"path": [
								"tffs",
								"CS"
							]
						}
					},
					"response": []
				},
				{
					"name": "ViewGrades",
					"request": {
						"method": "POST",
						"header": [],
						"body": {
							"mode": "raw",
							"raw": "",
							"options": {
								"raw": {
									"language": "json"
								}
							}
						},
						"url": {
							"raw": "localhost:4000/tffs/VG",
							"host": [
								"localhost"
							],
							"port": "4000",
							"path": [
								"tffs",
								"VG"
							]
						}
					},
					"response": []
				},
				{
					"name": "EditGrades",
					"request": {
						"method": "POST",
						"header": [],
						"body": {
							"mode": "raw",
							"raw": "{\r\n    \"id\" : \"5\",\r\n    \"grade_points\" : \"P\",\r\n    \"display_status\" : \"both\",\r\n    \"name\" : \"Unmitigated Failure\",\r\n    \"lower_limit\" : \"40\",\r\n    \"upper_limit\" : \"49\"\r\n}",
							"options": {
								"raw": {
									"language": "json"
								}
							}
						},
						"url": {
							"raw": "localhost:4000/tffs/EG",
							"host": [
								"localhost"
							],
							"port": "4000",
							"path": [
								"tffs",
								"EG"
							]
						}
					},
					"response": []
				},
				{
					"name": "AddGrades",
					"request": {
						"method": "POST",
						"header": [],
						"body": {
							"mode": "raw",
							"raw": "{\r\n    \"grade_points\" : \"\",\r\n    \"display_status\" : \"\",\r\n    \"name\" : \"\",\r\n    \"lower_limit\" : \"\",\r\n    \"upper_limit\" : \"\"\r\n}",
							"options": {
								"raw": {
									"language": "json"
								}
							}
						},
						"url": {
							"raw": "localhost:4000/tffs/AG",
							"host": [
								"localhost"
							],
							"port": "4000",
							"path": [
								"tffs",
								"AG"
							]
						}
					},
					"response": []
				}
			]
		},
		{
			"name": "Faculty",
			"item": [
				{
					"name": "AllFaculty",
					"request": {
						"method": "POST",
						"header": [],
						"url": {
							"raw": "localhost:4000/tffs/AllFaculty?page=1&limit=10",
							"host": [
								"localhost"
							],
							"port": "4000",
							"path": [
								"tffs",
								"AllFaculty"
							],
							"query": [
								{
									"key": "page",
									"value": "1"
								},
								{
									"key": "limit",
									"value": "10"
								}
							]
						}
					},
					"response": []
				},
				{
					"name": "Search Faculty",
					"request": {
						"method": "POST",
						"header": [],
						"body": {
							"mode": "raw",
							"raw": "{\r\n    \"code\" : \"FAC001\",\r\n    \"name\" : \"\",\r\n    \"std\" : \"\",\r\n    \"section\" : \"\",\r\n    \"tag_sub\" : \"\"\r\n    // \"page\" : 1,\r\n    // \"pageSize\" : 10\r\n}",
							"options": {
								"raw": {
									"language": "json"
								}
							}
						},
						"url": {
							"raw": "localhost:4000/tffs/SearchFaculty?page=1&limit=10",
							"host": [
								"localhost"
							],
							"port": "4000",
							"path": [
								"tffs",
								"SearchFaculty"
							],
							"query": [
								{
									"key": "page",
									"value": "1"
								},
								{
									"key": "limit",
									"value": "10"
								}
							]
						}
					},
					"response": []
				},
				{
					"name": "AddFaculty",
					"request": {
						"method": "POST",
						"header": [],
						"body": {
							"mode": "raw",
							"raw": "{\r\n    \"t_mst_client_id\" : 1,\r\n    \"t_rel_class_id\" : 8,\r\n    \"t_rel_section_id\" : 3,\r\n    \"t_rel_subject_id\" : 17,\r\n    \"t_rel_teacher_id\" : 105,\r\n    \"status\" : \"y\",\r\n    \"created_by\" : 105\r\n}",
							"options": {
								"raw": {
									"language": "json"
								}
							}
						},
						"url": {
							"raw": "localhost:4000/tffs/AddFaculty",
							"host": [
								"localhost"
							],
							"port": "4000",
							"path": [
								"tffs",
								"AddFaculty"
							]
						}
					},
					"response": []
				},
				{
					"name": "EditFaculty",
					"request": {
						"method": "POST",
						"header": [],
						"body": {
							"mode": "raw",
							"raw": "{\r\n    \"id\" : \"43\",\r\n    \"t_mst_client_id\" : 2,\r\n    \"t_rel_class_id\" : 8,\r\n    \"t_rel_section_id\" : 3,\r\n    \"t_rel_subject_id\" : 17,\r\n    \"t_rel_teacher_id\" : 105,\r\n    \"status\" : \"y\",\r\n    \"created_by\" : 105\r\n}",
							"options": {
								"raw": {
									"language": "json"
								}
							}
						},
						"url": {
							"raw": "localhost:4000/tffs/EditFaculty",
							"host": [
								"localhost"
							],
							"port": "4000",
							"path": [
								"tffs",
								"EditFaculty"
							]
						}
					},
					"response": []
				},
				{
					"name": "DeleteFaculty",
					"request": {
						"method": "POST",
						"header": [],
						"body": {
							"mode": "raw",
							"raw": "{\r\n    \"id\" : \"42\"\r\n    \r\n}",
							"options": {
								"raw": {
									"language": "json"
								}
							}
						},
						"url": {
							"raw": "localhost:4000/tffs/DeleteFaculty",
							"host": [
								"localhost"
							],
							"port": "4000",
							"path": [
								"tffs",
								"DeleteFaculty"
							]
						}
					},
					"response": []
				}
			]
		}
	]
}